{"train_loss": [1.6755573389336114, 1.2411906938716883, 1.0311486435234198, 0.8806195260865297, 0.7506796077729525, 0.6265129820319135, 0.5079084857832121, 0.41284288234504435, 0.3234248331388655, 0.2752720857701272], "train_acc": [0.39304591297391506, 0.5604125596411531, 0.6360961115396703, 0.6915516699522871, 0.7373503614182452, 0.7798920030856261, 0.8212336790377418, 0.8547184366160967, 0.8859175452129939, 0.9029170595125854], "val_loss": [1.4339614490809467, 1.1665511828689297, 1.0706877801185977, 0.9801832140429296, 0.9517383567270877, 1.0606165308415254, 1.0716423911459028, 1.2205040733952686, 1.3834081491272652, 1.5110211829576587], "val_acc": [0.49103273551570104, 0.5921061404093606, 0.6239082605507034, 0.6640442696179746, 0.6768451230082005, 0.6701780118674578, 0.6809120608040536, 0.6687779185279019, 0.6592439495966398, 0.656310420694713]}